
"A. Arnold Gillespie","A. Arnold Gillespie"
"Aaron Cano","Aaron Cano"
"Aaron L. Spivey-Sorrells","Aaron L. Spivey-Sorrells"
"Aaron Purvis","Aaron Purvis"
"Aaron Sandler","Aaron Sandler"
"Aayush Chandan","Aayush Chandan"
"Abella Danger","Abella Danger"
"Buck Conners","Buck Conners"
"Aaron Emmanuel","Aaron Emmanuel"
"Aaron Feignenbaum","Aaron Feignenbaum"
"Aaron Grunfeld","Aaron Grunfeld"
"Aaron Keller","Aaron Keller"
"Abi Eniola","Abi Eniola"
"Abigail Cruttenden","Abigail Cruttenden"
"Aaliyah Muhammad","Aaliyah Muhammad"
"Aaron Beener","Aaron Beener"
"Abel Vitón","Abel Vitón"
"Abike O. Washington","Abike O. Washington"
"Nat Pilean Sukkum","Nat Pilean Sukkum"
"Aamir Dalvi","Aamir Dalvi"
"Aaron Conrad","Aaron Conrad"
"Aaron Jaeger","Aaron Jaeger"
"Aaron Lee","Aaron Lee"
"Aaron Wulf","Aaron Wulf"
"Abbie Bosworth","Abbie Bosworth"
"Abi-Maria Gomes","Abi-Maria Gomes"
"Abraham Martinez","Abraham Martinez"
"uestlove","uestlove"
"AJ DeLaGarva","AJ DeLaGarva"
"Aaron Michael Metchik","Aaron Michael Metchik"
"Abdel Medjedoub","Abdel Medjedoub"
"Abigail Gerdes","Abigail Gerdes"
"Abraham Galán","Abraham Galán"
"Rowdy Roddy Piper","Rowdy Roddy Piper"
"Aaron Hendry","Aaron Hendry"
"Aaron Massey","Aaron Massey"
"Aarush","Aarush"
"Abby Nelson","Abby Nelson"
"Abigail Biton","Abigail Biton"
"Abraham Attah","Abraham Attah"
"A. Smiranin","A. Smiranin"
"Aaron Aziz","Aaron Aziz"
"Aaron Priest","Aaron Priest"
"Aaron Thomas","Aaron Thomas"
"Aaron Zell","Aaron Zell"
"Aaditi Pohankar","Aaditi Pohankar"
"Aaron Moreland","Aaron Moreland"
"Aaron O'Connell","Aaron O'Connell"
"Aaron Tore","Aaron Tore"
"Abagail Rose","Abagail Rose"
"Abby Miller","Abby Miller"
"Abby Rains","Abby Rains"
"Abigail F. Cowen","Abigail F. Cowen"
"Abigail Good","Abigail Good"
"Wild Bill Coty","Wild Bill Coty"
"A. Simonov","A. Simonov"
"Aaron Armstrong","Aaron Armstrong"
"Aaron Burckhard","Aaron Burckhard"
"Aaron Jakubenko","Aaron Jakubenko"
"Abby Brooks","Abby Brooks"
"Abby Eiland","Abby Eiland"
"Abdallah Moundy","Abdallah Moundy"
"A Great Big World","A Great Big World"
"A Thousand Horses","A Thousand Horses"
"A.A. Baig","A.A. Baig"
"Aaron Heinzen","Aaron Heinzen"
"Aaron Robinson","Aaron Robinson"
"AaronIke Isaacson","AaronIke Isaacson"
"Abrill Macbeth","Abrill Macbeth"
"Ace Cruz","Ace Cruz"
"Aashish Chauhan","Aashish Chauhan"
"Aashritha","Aashritha"
"Abbey Rain","Abbey Rain"
"Abeer Issa","Abeer Issa"
"Abigail Mcnair","Abigail Mcnair"
"Abraham Stavans","Abraham Stavans"
"3OH3","3OH3"
"A.B. Stoddard","A.B. Stoddard"
"AA Bondy","AA Bondy"
"Aadhira","Aadhira"
"Aaron Devitt","Aaron Devitt"
"Aaron Is","Aaron Is"
"Abigail Davies","Abigail Davies"
"Abigail Spencer","Abigail Spencer"
"Aaron Morton","Aaron Morton"
"Aashish Patel","Aashish Patel"
"Abbie Hoffman","Abbie Hoffman"
"Abby Fry","Abby Fry"
"Abby Raymond","Abby Raymond"
"Abdullah Jan","Abdullah Jan"
"A. Ferna","A. Ferna"
"Aamir Khan","Aamir Khan"
"Aamna Shariff","Aamna Shariff"
"Aaron Grain","Aaron Grain"
"Abdullah Farhatullah","Abdullah Farhatullah"
"Abeer Mekki","Abeer Mekki"
"Abhishek Arora","Abhishek Arora"
"Abida","Abida"
"Abraham Leber","Abraham Leber"
"Ace Gibson","Ace Gibson"
"Aamina Sheikh","Aamina Sheikh"
"Aaron Merken","Aaron Merken"
"Abby Epstein","Abby Epstein"
"Aboubakr Bensaihi","Aboubakr Bensaihi"
"A. Jim Hickey","A. Jim Hickey"
"Aaron Taylor-Johnson","Aaron Taylor-Johnson"
"Aart Staartjes","Aart Staartjes"
"Abdel Kechiche","Abdel Kechiche"
"Abdoulaye Souleymane","Abdoulaye Souleymane"
"Abdullah Moshref","Abdullah Moshref"
"Abhinay Vaddi","Abhinay Vaddi"
"Abigail Breslin","Abigail Breslin"
"The Pope D'Angelo Dinero","The Pope D'Angelo Dinero"
"Aaron Judlowe","Aaron Judlowe"
"Aaron Mayer","Aaron Mayer"
"Aaron Washington","Aaron Washington"
"Abby Meates","Abby Meates"
"Abilio Fernández","Abilio Fernández"
"Little Billy Rhodes","Little Billy Rhodes"
"A. N. Gribov","A. N. Gribov"
"A.J. Benza","A.J. Benza"
"Aaron Martinek","Aaron Martinek"
"Aarti Mankad","Aarti Mankad"
"Abdel Ahmed Ghili","Abdel Ahmed Ghili"
"Abigail Law-Briggs","Abigail Law-Briggs"
"Abu Salim","Abu Salim"
"'Doc' Lipsey","'Doc' Lipsey"
"A.J. Helfet","A.J. Helfet"
"Aaron Pushkar","Aaron Pushkar"
"Aaron Van Wagner","Aaron Van Wagner"
"Aaron Wertheimer","Aaron Wertheimer"
"A. Frank Ruffo","A. Frank Ruffo"
"A.J. Davis","A.J. Davis"
"Aathmiya","Aathmiya"
"Abdul Salaam El Razzac","Abdul Salaam El Razzac"
"Abigail Roberts","Abigail Roberts"
"Abraham Benrubi","Abraham Benrubi"
"A. Nana","A. Nana"
"A.J. Buckley","A.J. Buckley"
"Aaron Gonzalez","Aaron Gonzalez"
"Aaron Jennings","Aaron Jennings"
"Abbas Farres","Abbas Farres"
"Abbas Qadir","Abbas Qadir"
"Abdallah El Akal","Abdallah El Akal"
"Abigail Eiland","Abigail Eiland"
"Ace Espinosa","Ace Espinosa"
"AJ Meijer","AJ Meijer"
"Aaries","Aaries"
"Aaron Kee","Aaron Kee"
"Abdenbi El Beniwi","Abdenbi El Beniwi"
"Abdolreza Akbari","Abdolreza Akbari"
"A.J. Unger","A.J. Unger"
"Aalyrah Caldwell","Aalyrah Caldwell"
"Aaron Arneson","Aaron Arneson"
"Aaron Beebe","Aaron Beebe"
"Aaron Hill","Aaron Hill"
"Aaron Sims","Aaron Sims"
"Abby Sullivan","Abby Sullivan"
"Abdelkrim Beriber","Abdelkrim Beriber"
"Abhi","Abhi"
"Abhimanyu Singh","Abhimanyu Singh"
"A.J. Blake","A.J. Blake"
"Aaron Bernard","Aaron Bernard"
"Aaron Nichols","Aaron Nichols"
"Aaron Yonda","Aaron Yonda"
"Abdoulaye Diakhaté","Abdoulaye Diakhaté"
"Abe Laboriel Jr.","Abe Laboriel Jr."
"A.J. Bond","A.J. Bond"
"A.O. Scott","A.O. Scott"
"Aakruti","Aakruti"
"Aalok Mehta","Aalok Mehta"
"Aaron Simmons","Aaron Simmons"
"Aayan Boradia","Aayan Boradia"
"Abby Fung","Abby Fung"
"Abel Fernandes","Abel Fernandes"
"Abraham Verduzco","Abraham Verduzco"
"A. K. Tarasova","A. K. Tarasova"
"A. Zhou","A. Zhou"
"Aahuthi Prasad","Aahuthi Prasad"
"Aarif Sheikh","Aarif Sheikh"
"Aaron Swenson","Aaron Swenson"
"Aaron Voorhees","Aaron Voorhees"
"Aaron Zoldan","Aaron Zoldan"
"Abaas Clayton","Abaas Clayton"
"Abbas Kiarostami","Abbas Kiarostami"
"Abbie Lee","Abbie Lee"
"Abe Zucker","Abe Zucker"
"Abi Adatsi","Abi Adatsi"
"El Indio Rincon","El Indio Rincon"
"Aaron Dugger","Aaron Dugger"
"Aaron Fernando","Aaron Fernando"
"Aaron White","Aaron White"
"Abdikhadir Hassan","Abdikhadir Hassan"
"Abel Jacquin","Abel Jacquin"
"Abhijeet","Abhijeet"
"A Perfect Circle","A Perfect Circle"
"Aaron Ayhan","Aaron Ayhan"
"Aaron Bess","Aaron Bess"
"Aaron Keeling","Aaron Keeling"
"Abbey Stirling","Abbey Stirling"
"Abdulla Meshref","Abdulla Meshref"
"Abhi Bhattarchay","Abhi Bhattarchay"
"Abhijeet Kelkar","Abhijeet Kelkar"
"Abigail Franken","Abigail Franken"
"Aadila Dosani","Aadila Dosani"
"Aaron Powell","Aaron Powell"
"Aaron Serban","Aaron Serban"
"Abdellatif Chaouqi","Abdellatif Chaouqi"
"Abdulrahman Zeitoun","Abdulrahman Zeitoun"
"Abel Ayala","Abel Ayala"
"Abigail Wright","Abigail Wright"
"A.J. Herbert","A.J. Herbert"
"ALEXIS PEREZ","ALEXIS PEREZ"
"Aaron Barsky","Aaron Barsky"
"Aaron Hildebrand","Aaron Hildebrand"
"Aaron Pedersen","Aaron Pedersen"
"Abdellatif Chaouki","Abdellatif Chaouki"
"Abraham Bobadilla","Abraham Bobadilla"
"Ace Lundon","Ace Lundon"
"Aaliyah Love","Aaliyah Love"
"Aaron Cameron","Aaron Cameron"
"Aaron Le","Aaron Le"
"Aaron Turner","Aaron Turner"
"Aaron Yoo","Aaron Yoo"
"Abdelkader Bara","Abdelkader Bara"
"Abdelkrim Bahloul","Abdelkrim Bahloul"
"Abraham Mor","Abraham Mor"
"Abrisio da Silva Pedro","Abrisio da Silva Pedro"
"Ace Rockwood","Ace Rockwood"
"A. Lawrence Dreyfuss","A. Lawrence Dreyfuss"
"Aanaahad","Aanaahad"
"Aaron MacPherson","Aaron MacPherson"
"Aaron Shure","Aaron Shure"
"Abner Genece","Abner Genece"
"Abraham Koogler","Abraham Koogler"
"AMG","AMG"
"Aaron Albertus","Aaron Albertus"
"Aaron Tanner","Aaron Tanner"
"Aaron Weiss","Aaron Weiss"
"Aayisha Chanel","Aayisha Chanel"
"Abdel Aziz Mahmoud","Abdel Aziz Mahmoud"
"Abdelmajid Mickey Barja","Abdelmajid Mickey Barja"
"Abdolrassoul Daryapeyma","Abdolrassoul Daryapeyma"
"Abe Cohen","Abe Cohen"
"Abraham Curran","Abraham Curran"
"Aaron Dodd","Aaron Dodd"
"Aaron Gallagher","Aaron Gallagher"
"Abhi Bhattarcharya","Abhi Bhattarcharya"
"A.V. Anoop","A.V. Anoop"
"AJ Tessler","AJ Tessler"
"Aaron Freeman","Aaron Freeman"
"Aaron Ramzi","Aaron Ramzi"
"Abby Brammell","Abby Brammell"
"Abdoulaye Komboudri","Abdoulaye Komboudri"
"Ace Marrero","Ace Marrero"
"A.C. Earing","A.C. Earing"
"A.J. Jamal","A.J. Jamal"
"Aarno Sulkanen","Aarno Sulkanen"
"Aaron Balana","Aaron Balana"
"Aarti Gupta","Aarti Gupta"
"Abessalom Lorija","Abessalom Lorija"
"Aaref Rajput","Aaref Rajput"
"Aaron Buskin","Aaron Buskin"
"Abby Lane","Abby Lane"
"Abigail Iversen","Abigail Iversen"
"A.C. Lyles","A.C. Lyles"
"Aarni Kivinen","Aarni Kivinen"
"Aaron Bennett","Aaron Bennett"
"Aaron Corbett","Aaron Corbett"
"Aasif Mandvi","Aasif Mandvi"
"Abbie Cornish","Abbie Cornish"
"Abby Lee Brazil","Abby Lee Brazil"
"Abidah Viera","Abidah Viera"
"Abigail Nelson","Abigail Nelson"
"A. R. Gurney","A. R. Gurney"
"Aaron Alexander","Aaron Alexander"
"Aaron Leon Kenin","Aaron Leon Kenin"
"Aaron Madriaga","Aaron Madriaga"
"Aaron Roos","Aaron Roos"
"Abdul Wahed Hasanzada","Abdul Wahed Hasanzada"
"Abla Khoury","Abla Khoury"
"A.E. Whitting","A.E. Whitting"
"Aaron D. Spears","Aaron D. Spears"
"Aaron Laue","Aaron Laue"
"Abderrahim Meniari","Abderrahim Meniari"
"Abdoulaye Ahmat","Abdoulaye Ahmat"
"Abdul Qadir Farookh","Abdul Qadir Farookh"
"Abe Daniels","Abe Daniels"
"Lasses White","Lasses White"
"A.J. Thouvenot","A.J. Thouvenot"
"A.J. van der Merwe","A.J. van der Merwe"
"Aaliyah Lopez","Aaliyah Lopez"
"Aanchal Dwivedi","Aanchal Dwivedi"
"Aaron Salinas","Aaron Salinas"
"Abizer Hyderabadwala","Abizer Hyderabadwala"
"Aarya","Aarya"
"Aava Merikanto","Aava Merikanto"
"Abbas-Gholi Edalatpour","Abbas-Gholi Edalatpour"
"Abdel El Zarkany","Abdel El Zarkany"
"Abdelhebia Chedati","Abdelhebia Chedati"
"Abilio Pereira de Almeida","Abilio Pereira de Almeida"
"A. Khochinsky","A. Khochinsky"
"Aap Lindenberg","Aap Lindenberg"
"Aaron Landon","Aaron Landon"
"Aaron Zaragoza","Aaron Zaragoza"
"Abbé Rowlins","Abbé Rowlins"
"Abigail Cooper","Abigail Cooper"
"Baby Ivy Ward","Baby Ivy Ward"
"Weird Al Yankovic","Weird Al Yankovic"
"A Tribe Called Quest","A Tribe Called Quest"
"ABBA","ABBA"
"Aarathi Prasad","Aarathi Prasad"
"Aaron Grialva","Aaron Grialva"
"Aaron Spelling","Aaron Spelling"
"Abdel Moneim Ibrihim","Abdel Moneim Ibrihim"
"Abe Ruthless","Abe Ruthless"
"Abigail Hollick","Abigail Hollick"
"A Flock of Seagulls","A Flock of Seagulls"
"Aaron Petrovich","Aaron Petrovich"
"Aarón Beas","Aarón Beas"
"Abby Quinn","Abby Quinn"
"Abigail Wilson","Abigail Wilson"
"A. Barrett Worland","A. Barrett Worland"
"A. J. Bowen","A. J. Bowen"
"A. Tchistiakov","A. Tchistiakov"
"A.J. Rome","A.J. Rome"
"Aaron Densley","Aaron Densley"
"Aaron Murphy","Aaron Murphy"
"Aaron Scully","Aaron Scully"
"Aaron Swartz","Aaron Swartz"
"Aaron Woodard","Aaron Woodard"
"Abbas Sayahi","Abbas Sayahi"
"Ace Hanson","Ace Hanson"
"Ace Hicks","Ace Hicks"
"afak Sezer","afak Sezer"
"AURORA","AURORA"
"Aaron Berger","Aaron Berger"
"Aaron Lambert","Aaron Lambert"
"Abbas Abdolalipour","Abbas Abdolalipour"
"Abdolrahman Bagheri","Abdolrahman Bagheri"
"Abe Barker","Abe Barker"
"Abhishek H.N.","Abhishek H.N."
"Abner Biberman","Abner Biberman"
"A.B. Imeson","A.B. Imeson"
"Aaron Ferguson","Aaron Ferguson"
"Abbie Ginsberg","Abbie Ginsberg"
"Abdel-Akim Mebtouche","Abdel-Akim Mebtouche"
"Abdi Siad","Abdi Siad"
"Abir Chatterjee","Abir Chatterjee"
"A.J. Allmendinger","A.J. Allmendinger"
"Aaron Behr","Aaron Behr"
"Aaron David Thompson","Aaron David Thompson"
"Aaron Dudley","Aaron Dudley"
"Aaron Pinkston","Aaron Pinkston"
"Abdel Halim Hafez","Abdel Halim Hafez"
"Abolghasem Sobhani","Abolghasem Sobhani"
"Ace Harper","Ace Harper"
"A. Glushkova","A. Glushkova"
"A.C. Castro","A.C. Castro"
"AJ Cedeno","AJ Cedeno"
"Aaron Davis","Aaron Davis"
"Abbey Boklan","Abbey Boklan"
"Abdelhamid Aktouche","Abdelhamid Aktouche"
"Abigail Lenz","Abigail Lenz"
"A. Lukyanov","A. Lukyanov"
"A.B. Quintanilla Y Electro Kumbia","A.B. Quintanilla Y Electro Kumbia"
"Aarielle","Aarielle"
"Aaron Hammond","Aaron Hammond"
"Aaron Verbrigghe","Aaron Verbrigghe"
"Abdel Qissi","Abdel Qissi"
"Abou Thiam","Abou Thiam"
"A. Zrazhevsky","A. Zrazhevsky"
"A.E. Gould Porter","A.E. Gould Porter"
"AJ Irons","AJ Irons"
"Aaron Au","Aaron Au"
"Aaron Bata","Aaron Bata"
"Aaron Hinson","Aaron Hinson"
"Abigail Marshall","Abigail Marshall"
"Ace Ross","Ace Ross"
"Aaron Joseph","Aaron Joseph"
"Aaron Vexler","Aaron Vexler"
"Abbas Abul-Hassan","Abbas Abul-Hassan"
"Abbas Shoja","Abbas Shoja"
"Abby Royle","Abby Royle"
"Abby Rums","Abby Rums"
"A. Michael Lerner","A. Michael Lerner"
"A.B. Comathiere","A.B. Comathiere"
"Aaron Lloyd Barr","Aaron Lloyd Barr"
"A. Abrikosov","A. Abrikosov"
"A. Pashutina","A. Pashutina"
"A.R. Bowles","A.R. Bowles"
"Aaliyah Ca Pelle","Aaliyah Ca Pelle"
"Aaron Tabler","Aaron Tabler"
"Aaron Tveit","Aaron Tveit"
"Acacia","Acacia"
"Abbey Hoes","Abbey Hoes"
"Abbey McBride","Abbey McBride"
"Abbey McClellan","Abbey McClellan"
"Abdulrahman Mohamad","Abdulrahman Mohamad"
"Abe Koogler","Abe Koogler"
"Abel Hernandez","Abel Hernandez"
"Chicken George Boswell","Chicken George Boswell"
"18 South","18 South"
"A. Arnold","A. Arnold"
"A. Takaishvili","A. Takaishvili"
"AJ Michalka","AJ Michalka"
"Aafke Buringh","Aafke Buringh"
"Aaron Schwartz","Aaron Schwartz"
"Abbie","Abbie"
"Abigale Corrigan","Abigale Corrigan"
"'N Sync","'N Sync"
"40 Glocc","40 Glocc"
"Aaron Blakely","Aaron Blakely"
"Aaron Graham","Aaron Graham"
"Abby Mukiibi","Abby Mukiibi"
"Abdurrahim Apak","Abdurrahim Apak"
"Abe Vigoda","Abe Vigoda"
"Abel Lozano","Abel Lozano"
"9 Million Sam","9 Million Sam"
"A.C.H. Billbrew","A.C.H. Billbrew"
"A.J. Faraj","A.J. Faraj"
"Aaron Refvem","Aaron Refvem"
"Aaron Serotsky","Aaron Serotsky"
"Abigail Carter","Abigail Carter"
"Absalon Uribe","Absalon Uribe"
"Abubakar Siddiq","Abubakar Siddiq"
"Aakash Dahiya","Aakash Dahiya"
"Aaron Bienvenu","Aaron Bienvenu"
"Aaron Davidman","Aaron Davidman"
"Aaron Heffernan","Aaron Heffernan"
"Aaron Jackson","Aaron Jackson"
"Aaron Stuart","Aaron Stuart"
"Aaron Van Geem","Aaron Van Geem"
"Abdoulaye Dembele","Abdoulaye Dembele"
"Abrahão Farc","Abrahão Farc"
"A.D. Sears","A.D. Sears"
"Aage Haugland","Aage Haugland"
"Aaron Gaffey","Aaron Gaffey"
"Aaron Takahashi","Aaron Takahashi"
"Aarón I. Campos","Aarón I. Campos"
"Abdallah Mahmoud","Abdallah Mahmoud"
"Abraham Fontana","Abraham Fontana"
"Wild Bill Bauer","Wild Bill Bauer"
"Aakomon Jones","Aakomon Jones"
"Aaron Falls","Aaron Falls"
"Aaron Kwok Fu-Sing","Aaron Kwok Fu-Sing"
"Aaron Schroeder","Aaron Schroeder"
"Aarre Karén","Aarre Karén"
"Abbey Nayor","Abbey Nayor"
"Abdollah Ahmadi","Abdollah Ahmadi"
"Abhay Vaidya","Abhay Vaidya"
"Abigail Chay","Abigail Chay"
"A.J. Freeman","A.J. Freeman"
"A.J. Morabito","A.J. Morabito"
"AJ Johnson","AJ Johnson"
"Aaron Braxton","Aaron Braxton"
"Aaron D. Taylor","Aaron D. Taylor"
"Aaron Orr","Aaron Orr"
"Abby Dalton","Abby Dalton"
"Abe Zwick","Abe Zwick"
"Abril García","Abril García"
"5th Ward Webbie","5th Ward Webbie"
"A.J. Dunn","A.J. Dunn"
"Aaron Johnson","Aaron Johnson"
"Abbey Kochman","Abbey Kochman"
"Abdellah Badis","Abdellah Badis"
"Abdoulaye Kaba","Abdoulaye Kaba"
"A.C. Farias","A.C. Farias"
"A.J. Corso","A.J. Corso"
"A.J. Kennedy","A.J. Kennedy"
"Aaron Moses","Aaron Moses"
"Aban Sonia","Aban Sonia"
"Abdikhadir Mukhtar","Abdikhadir Mukhtar"
"Abhijit Kelkar","Abhijit Kelkar"
"99 Percent","99 Percent"
"A'tum Johnson","A'tum Johnson"
"Aadhav Kannadasan","Aadhav Kannadasan"
"Aaron Chow","Aaron Chow"
"Aaron Goodarzi","Aaron Goodarzi"
"Aaron Sosa","Aaron Sosa"
"Aaron Woodley","Aaron Woodley"
"Aaryn Doyle","Aaryn Doyle"
"Abdullah Saeed","Abdullah Saeed"
"Abdur Razzak","Abdur Razzak"
"Abhijeet Sanyal","Abhijeet Sanyal"
"Abhilash","Abhilash"
"2AM Club","2AM Club"
"Aaron Mark","Aaron Mark"
"Aaron Parry","Aaron Parry"
"Aaron Spears","Aaron Spears"
"Aarti Chhabria","Aarti Chhabria"
"Abed Fahd","Abed Fahd"
"Abir Goswami","Abir Goswami"
"Abraham Jedidiah","Abraham Jedidiah"
"Aamir Bashir","Aamir Bashir"
"Aaron Babb","Aaron Babb"
"Aaron Card","Aaron Card"
"Aaron Goldenberg","Aaron Goldenberg"
"Aaron Longstreth","Aaron Longstreth"
"Aaron Skinner","Aaron Skinner"
"Abraham Merla","Abraham Merla"
"Aashiq Abu","Aashiq Abu"
"Abdellatif Kechiche","Abdellatif Kechiche"
"Abe Dijkman","Abe Dijkman"
"Abe Smith","Abe Smith"
"Abel Salazar","Abel Salazar"
"Abhirami","Abhirami"
"Science Bob Pflugfelder","Science Bob Pflugfelder"
"A. Cameron Grant","A. Cameron Grant"
"A. Colin Cameron","A. Colin Cameron"
"A.J. DeLucia","A.J. DeLucia"
"A.J. Stephans","A.J. Stephans"
"Aaron Musicant","Aaron Musicant"
"98 Degrees","98 Degrees"
"A. Jack Morocco","A. Jack Morocco"
"A.K. Hangal","A.K. Hangal"
"ARTURO PENICHE","ARTURO PENICHE"
"Aaron Lee Tasjan","Aaron Lee Tasjan"
"Aaron Marshall","Aaron Marshall"
"Abraham Fuya","Abraham Fuya"
"Aaron Gibson","Aaron Gibson"
"Aaron Robert Marcus","Aaron Robert Marcus"
"Aarón Sánchez","Aarón Sánchez"
"Abbi Collins","Abbi Collins"
"Abby Ball","Abby Ball"
"Abdel Ghani Kamar","Abdel Ghani Kamar"
"Abdihakin Asgar","Abdihakin Asgar"
"AC/DC","AC/DC"
"Aaron Shang","Aaron Shang"
"Abbas Dastranj","Abbas Dastranj"
"Abby","Abby"
"Abdallah","Abdallah"
"Abigail Eames","Abigail Eames"
"'Crazy' Bob Cook","'Crazy' Bob Cook"
"5 Seconds of Summer","5 Seconds of Summer"
"A.J. Leslie","A.J. Leslie"
"Aanchal Dwiwedi","Aanchal Dwiwedi"
"Aaron Ashford","Aaron Ashford"
"Aaron Chadwick","Aaron Chadwick"
"Abraham Eisenberg","Abraham Eisenberg"
"Abby Simpson","Abby Simpson"
"Abdel Waress Assar","Abdel Waress Assar"
"Abdellah Chicha","Abdellah Chicha"
"Abi Tokan Adeshina","Abi Tokan Adeshina"
"Abigail Cohen","Abigail Cohen"
"Abiye Tedia","Abiye Tedia"
"A. Michael Baldwin","A. Michael Baldwin"
"AXIS Dance Company","AXIS Dance Company"
"Aaron Nomaktchiensky","Aaron Nomaktchiensky"
"Aaron Stall","Aaron Stall"
"AAP Rocky","AAP Rocky"
"A. Edward Quinn","A. Edward Quinn"
"Aaron Karl","Aaron Karl"
"Aaron Kwok","Aaron Kwok"
"Aaron Slack","Aaron Slack"
"Abel Johnson","Abel Johnson"
"Abella Johnson","Abella Johnson"
"Abena Takyi","Abena Takyi"
"Abraham Ferdazco","Abraham Ferdazco"
"Nanny Pat Brooker","Nanny Pat Brooker"
"A. Delon Ellis Jr.","A. Delon Ellis Jr."
"Aad van Toor","Aad van Toor"
"Aaron Fronk","Aaron Fronk"
"Abdoul Karim Konaté","Abdoul Karim Konaté"
"Abe Dyer","Abe Dyer"
"Abhijeeth","Abhijeeth"
"Abhishek Sharma","Abhishek Sharma"
"Abigail Peril","Abigail Peril"
"Aaron Catalan","Aaron Catalan"
"Aaron Lee Reed","Aaron Lee Reed"
"Aaron Neil","Aaron Neil"
"Aash Aaron","Aash Aaron"
"Abdellatif Khamouli","Abdellatif Khamouli"
"Abigail Mittel","Abigail Mittel"
"Abigail Shelton","Abigail Shelton"
"Abou-Ghazala","Abou-Ghazala"
"A Martinez","A Martinez"
"Aaron Crumbaugh","Aaron Crumbaugh"
"Abbey Lane","Abbey Lane"
"Abdou Ndende","Abdou Ndende"
"Abhijeet Khandkekar","Abhijeet Khandkekar"
"A. Edward Sutherland","A. Edward Sutherland"
"A.J. Johnson","A.J. Johnson"
"AVS","AVS"
"AaRon Hanka","AaRon Hanka"
"Aaron Peaslee","Aaron Peaslee"
"Aaron Pozzi","Aaron Pozzi"
"Abdullah Afzal","Abdullah Afzal"
"Abdullrahman Al Gohani","Abdullrahman Al Gohani"
"Abhishek","Abhishek"
"Abigail Schrader","Abigail Schrader"
"Abigail Smith","Abigail Smith"
"Aaron Abrams","Aaron Abrams"
"Aaron Isaacs","Aaron Isaacs"
"Abbie Gayle","Abbie Gayle"
"Abdul Popoola","Abdul Popoola"
"Abhinav Shukla","Abhinav Shukla"
"Ace Bhatti","Ace Bhatti"
"And You Will Know Us By The Trail Of Dead","And You Will Know Us By The Trail Of Dead"
"Aaron Beelner","Aaron Beelner"
"Aaron Katter","Aaron Katter"
"Abani Mukherjee","Abani Mukherjee"
"Abby Chapman","Abby Chapman"
"Abby Donnelly","Abby Donnelly"
"Abby Huntsman","Abby Huntsman"
"Abdel Fatah Al Kasri","Abdel Fatah Al Kasri"
"Abdelkader Belmokadem","Abdelkader Belmokadem"
"Abel López","Abel López"
"Abigail Garcia","Abigail Garcia"
"Academy of Ancient Music","Academy of Ancient Music"
"Aaron Willis","Aaron Willis"
"Abdoulaye N'Gom","Abdoulaye N'Gom"
"Abhi Sinha","Abhi Sinha"
"Abhilasha Das","Abhilasha Das"
"Abolfazi Pour-Arab","Abolfazi Pour-Arab"
"Abraham Higginbotham","Abraham Higginbotham"
"A.E. Matthews","A.E. Matthews"
"Aaron Bekkela","Aaron Bekkela"
"Aaron Chayrez","Aaron Chayrez"
"Aaron Dessner","Aaron Dessner"
"Aaron Gaffrey","Aaron Gaffrey"
"Aaron Nelms","Aaron Nelms"
"Aaron V. Williamson","Aaron V. Williamson"
"Aaron Wyche","Aaron Wyche"
"Abbe Meryl","Abbe Meryl"
"Abdulaziz Mohamed","Abdulaziz Mohamed"
"Abigail Hawk","Abigail Hawk"
"Abigail Ray","Abigail Ray"
"Big Jay Oakerson","Big Jay Oakerson"
"A.J. Kirsch","A.J. Kirsch"
"A.K. Murtadha","A.K. Murtadha"
"Aaron Jettleson","Aaron Jettleson"
"Aaron Lazar","Aaron Lazar"
"Aaron Siefers","Aaron Siefers"
"Abdallah Sallam","Abdallah Sallam"
"Abel Jeanroy","Abel Jeanroy"
"Abolfazl Ghorbani","Abolfazl Ghorbani"
"Ac Carter","Ac Carter"
"A. Benard Cummings","A. Benard Cummings"
"A. Stolbov","A. Stolbov"
"A.C. Roe","A.C. Roe"
"AJ Lester","AJ Lester"
"Aaron Aurora","Aaron Aurora"
"Aaron Benward","Aaron Benward"
"Abe Dinovitch","Abe Dinovitch"
"Abi Clarke","Abi Clarke"
"Abolfazi Poorarab","Abolfazi Poorarab"
"Abraham Enrico","Abraham Enrico"
"Abubakar Mohammed","Abubakar Mohammed"
"Aaron Covington","Aaron Covington"
"Aaron Fletcher","Aaron Fletcher"
"Aaron Harpold","Aaron Harpold"
"Aaron Lipstadt","Aaron Lipstadt"
"Aaron Wilson","Aaron Wilson"
"Abdul Aziz","Abdul Aziz"
"Aaron Bridgers","Aaron Bridgers"
"Aaron Hawk","Aaron Hawk"
"Aaron Perilo","Aaron Perilo"
"Aaron Weiler","Aaron Weiler"
"Abby Cross","Abby Cross"
"Abdil Juma","Abdil Juma"
"Abdoulaye Fofana","Abdoulaye Fofana"
"Aboubacar Sadikh Ba","Aboubacar Sadikh Ba"
"Aboud Barakat","Aboud Barakat"
"Abraham Laboriel","Abraham Laboriel"
"Ace","Ace"
"A.J. Clemente","A.J. Clemente"
"A.S. 'Pop' Byron","A.S. 'Pop' Byron"
"AJ Bowen","AJ Bowen"
"Aaron Lamm","Aaron Lamm"
"Aaron Palermo","Aaron Palermo"
"Abbi Chally","Abbi Chally"
"Abby Swagart","Abby Swagart"
"Abhisheikh Monica","Abhisheikh Monica"
"Abhishek Chatterjee","Abhishek Chatterjee"
"Abi Morgan","Abi Morgan"
"Buffalo Joe McBryan","Buffalo Joe McBryan"
"A Silent Film","A Silent Film"
"A.J. Lamas","A.J. Lamas"
"A.J. Marton","A.J. Marton"
"Aaron Houle","Aaron Houle"
"Aarti Patel","Aarti Patel"
"Abi Gouhad","Abi Gouhad"
"Abigail Culwell","Abigail Culwell"
"Abigail McFarlane","Abigail McFarlane"
"Stone Cold Steve Austin","Stone Cold Steve Austin"
"A. Paul Smith","A. Paul Smith"
"A.J. Moorehead","A.J. Moorehead"
"Aapo Haikala","Aapo Haikala"
"Aaron Jones","Aaron Jones"
"Abraham Mamo","Abraham Mamo"
"Abrar Al Hamad","Abrar Al Hamad"
"Aarti Sequeira","Aarti Sequeira"
"Aashka Goradia","Aashka Goradia"
"Aasiya Kazi","Aasiya Kazi"
"Abb Dickson","Abb Dickson"
"Abbie Holborn","Abbie Holborn"
"Abby Elliot","Abby Elliot"
"Abigail Isom","Abigail Isom"
"Abu Lala","Abu Lala"
"A.J. Holyfield","A.J. Holyfield"
"A.J. Tecce","A.J. Tecce"
"Aakash Muraleedharan","Aakash Muraleedharan"
"Aaron Newton","Aaron Newton"
"Abbas","Abbas"
"Abigail Lawrie","Abigail Lawrie"
"Abiola Abrams","Abiola Abrams"
"Ace Mahbaz","Ace Mahbaz"
"7 Days of Funk","7 Days of Funk"
"A.J. Castro","A.J. Castro"
"Aakash","Aakash"
"Aarif Lee","Aarif Lee"
"Abby C Smith","Abby C Smith"
"Abdel Ali El Aziz","Abdel Ali El Aziz"
"Abeba T. Davis","Abeba T. Davis"
"Abolfazl Ahankhah","Abolfazl Ahankhah"
"AJ Jones","AJ Jones"
"Aakar Kaushik","Aakar Kaushik"
"Aarón Guerrero","Aarón Guerrero"
"Abdel Fattah Hussein","Abdel Fattah Hussein"
"Satchel Paige","Satchel Paige"
"A.J. Handegard","A.J. Handegard"
"A.J. Richards","A.J. Richards"
"Aamani","Aamani"
"Aaron James Overend","Aaron James Overend"
"Aaron Lewis","Aaron Lewis"
"Aaron Meade","Aaron Meade"
"Aaron Perrins","Aaron Perrins"
"Abbie Karoly","Abbie Karoly"
"Abdul Basset Saroot","Abdul Basset Saroot"
"Abesalom Loria","Abesalom Loria"
"Aaron de Jesus","Aaron de Jesus"
"Abhijit Lahiri","Abhijit Lahiri"
"Beat Takeshi Kitano","Beat Takeshi Kitano"
"Aaron Janke","Aaron Janke"
"Aaron Miller","Aaron Miller"
"Aaron Russell","Aaron Russell"
"Abbie Kat","Abbie Kat"
"Abby Darling","Abby Darling"
"Abdelhamid Nawara","Abdelhamid Nawara"
"Abigail Creel","Abigail Creel"
"Abigail McCabe","Abigail McCabe"
"A Tribe Called Red","A Tribe Called Red"
"Aamna Sharif","Aamna Sharif"
"Abbagail Shelton","Abbagail Shelton"
"Abby Ross","Abby Ross"
"Abigail Burdess","Abigail Burdess"
"Abigail Ehinger","Abigail Ehinger"
"#NAME?","#NAME?"
"Aaron Bantum","Aaron Bantum"
"Abby Ford","Abby Ford"
"Abhinaya","Abhinaya"
"Babe Hardy","Babe Hardy"
"Aapte","Aapte"
"Aaron Bukani","Aaron Bukani"
"Aaron Liebman","Aaron Liebman"
"Aaron McConnaughey","Aaron McConnaughey"
"Aaron Penney","Aaron Penney"
"Aaron Scotti","Aaron Scotti"
"Aaron Todd Douglas","Aaron Todd Douglas"
"Abderrahim Tounsi","Abderrahim Tounsi"
"Abel Fernandez","Abel Fernandez"
"Abel Gonzalez","Abel Gonzalez"
"AJ Nickell","AJ Nickell"
"Aaron Buyea","Aaron Buyea"
"Aaron Saxon","Aaron Saxon"
"Aasif Shaikh","Aasif Shaikh"
"Abashanti-i","Abashanti-i"
"Abe Ryohei","Abe Ryohei"
"A.C. Grayling","A.C. Grayling"
"Aaron Hernan","Aaron Hernan"
"Aaron Wilton","Aaron Wilton"
"Aaryanna Nelson","Aaryanna Nelson"
"Abby Sher","Abby Sher"
"Abha Reddy","Abha Reddy"
"Abhinav Bali","Abhinav Bali"
"Above & Beyond","Above & Beyond"
"Abra Moore","Abra Moore"
"A. Ezkina","A. Ezkina"
"A.C. Weary","A.C. Weary"
"Aaron Eastwood","Aaron Eastwood"
"Aase-Marit Børke","Aase-Marit Børke"
"Aasshka Goradia","Aasshka Goradia"
"Abigail Fawcett","Abigail Fawcett"
"Abrar Zahoor","Abrar Zahoor"
"3 Doors Down","3 Doors Down"
"A.C. Smallwood","A.C. Smallwood"
"A.J. Diaferio","A.J. Diaferio"
"A.J. Ford","A.J. Ford"
"Aaron Deleon","Aaron Deleon"
"Aaron Sholomenko","Aaron Sholomenko"
"Abdel Lateef Gamaea","Abdel Lateef Gamaea"
"A. Guy Teague","A. Guy Teague"
"A.L. Camp","A.L. Camp"
"A.V. Bramble","A.V. Bramble"
"AJ Monroe","AJ Monroe"
"Aaron Mathias","Aaron Mathias"
"Abdulahad Fares","Abdulahad Fares"
"Abe Dababneh","Abe Dababneh"
"Abel Dolz Doval","Abel Dolz Doval"
"Abigail Hummel","Abigail Hummel"
"Abigail Savage","Abigail Savage"
"Abraham Taylor","Abraham Taylor"
"A.D. Peters","A.D. Peters"
"AWOLNATION","AWOLNATION"
"Aaron Ramey","Aaron Ramey"
"Aase Hansen","Aase Hansen"
"Abdellah Didane","Abdellah Didane"
"Abderrahman","Abderrahman"
"Abhishek Kapoor","Abhishek Kapoor"
"A.J. Gil","A.J. Gil"
"Aaron Harrison","Aaron Harrison"
"Aaron Karo","Aaron Karo"
"Aaron Kessee","Aaron Kessee"
"Aaron Sulkin","Aaron Sulkin"
"Aasin","Aasin"
"Abby Dream","Abby Dream"
"Abderrahim Foukara","Abderrahim Foukara"
"Abdul Ayoola","Abdul Ayoola"
"Slapsie Maxie Rosenbloom","Slapsie Maxie Rosenbloom"
"AJ Azari","AJ Azari"
"Aaliyah Franks","Aaliyah Franks"
"Aaron Badie","Aaron Badie"
"Aaron J. Patton","Aaron J. Patton"
"Aaron McFarland","Aaron McFarland"
"Abigail Rose Cornell","Abigail Rose Cornell"
"Abner Garfias","Abner Garfias"
"Abraham Forsythe","Abraham Forsythe"
"A.J. Henderson","A.J. Henderson"
"AJ Styles","AJ Styles"
"Aaron Ginn-forsberg","Aaron Ginn-forsberg"
"Aaron Jay Rome","Aaron Jay Rome"
"Aaron Maynard","Aaron Maynard"
"Abby Berg","Abby Berg"
"Abdou El Mesnaoui","Abdou El Mesnaoui"
"A.J. McLean","A.J. McLean"
"ANA SERRADILLA","ANA SERRADILLA"
"Aaaron Hitz","Aaaron Hitz"
"Aahana Kumra","Aahana Kumra"
"Aaron Hallaway","Aaron Hallaway"
"Aaron Michael Johnson","Aaron Michael Johnson"
"Aaron Simpson","Aaron Simpson"
"Abbi Rose","Abbi Rose"
"Abdel Salam Mohamed","Abdel Salam Mohamed"
"Abeer Zeibak Haddad","Abeer Zeibak Haddad"
"Abstrakto","Abstrakto"
"A George","A George"
"ASTR","ASTR"
"Aaron Bowman-Fields","Aaron Bowman-Fields"
"Aaron Corteau","Aaron Corteau"
"Aaron Eckhart","Aaron Eckhart"
"Abi Phillips","Abi Phillips"
"Abigail Marlowe","Abigail Marlowe"
"Abigail Rose Solomon","Abigail Rose Solomon"
"20 lb Sledge","20 lb Sledge"
"A Place to Bury Strangers","A Place to Bury Strangers"
"A'da Alison Woolfolk","A'da Alison Woolfolk"
"A. Kurc","A. Kurc"
"Aaron Cash","Aaron Cash"
"Aaron James","Aaron James"
"Aaron May","Aaron May"
"Abdelkader Dahou","Abdelkader Dahou"
"Aarika Wells","Aarika Wells"
"Aaron Albert","Aaron Albert"
"Aaron Champion","Aaron Champion"
"Abby Dobson","Abby Dobson"
"Abel Mora","Abel Mora"
"A. Dorokhina","A. Dorokhina"
"A. Martinov","A. Martinov"
"A. Thomas Smith","A. Thomas Smith"
"A. Wade Miller","A. Wade Miller"
"Aare Laanemets","Aare Laanemets"
"Aaron Altaras","Aaron Altaras"
"Aaron Smolinski","Aaron Smolinski"
"Abbase Ba","Abbase Ba"
"Abdul Ghani","Abdul Ghani"
"Abduraghmaan Adams","Abduraghmaan Adams"
"Abhro Banerjee","Abhro Banerjee"
"Abubakar Mwenda","Abubakar Mwenda"
"Million Dollar Man Ted DiBiase","Million Dollar Man Ted DiBiase"
"A-R Hellquist","A-R Hellquist"
"A.J. Valentine","A.J. Valentine"
"Aad Wirtz","Aad Wirtz"
"Aaron Dean Eisenberg","Aaron Dean Eisenberg"
"Aaron McCargo Jr.","Aaron McCargo Jr."
"Abhijati Jusakul","Abhijati Jusakul"
"Abigail Haley","Abigail Haley"
"Hurricane Ryu Hariken","Hurricane Ryu Hariken"
"Aaron Brumfield","Aaron Brumfield"
"Aaron Garrett","Aaron Garrett"
"Aaron Helton","Aaron Helton"
"Aaron Tarlow","Aaron Tarlow"
"Abbey Heller","Abbey Heller"
"Abel Ascencio","Abel Ascencio"
"Abishek Anand","Abishek Anand"
"Showtime Eric Young","Showtime Eric Young"
"A Day To Remember","A Day To Remember"
"Aaron Reisberger","Aaron Reisberger"
"Abbi Jacobson","Abbi Jacobson"
"Abby Barth","Abby Barth"
"Abelia","Abelia"
"Abril Sosa","Abril Sosa"
"Ace Cain","Ace Cain"
"A.E. Warren","A.E. Warren"
"A.J. Hammer","A.J. Hammer"
"A.J. Saudin","A.J. Saudin"
"AJ Bridel","AJ Bridel"
"AJ Truth","AJ Truth"
"Aaron Krejci","Aaron Krejci"
"Aaron R. Thomas","Aaron R. Thomas"
"Abbi Henderson","Abbi Henderson"
"Abiola Wendy Abrams","Abiola Wendy Abrams"
"Absalão Maciel","Absalão Maciel"
"A.C. Pagenkoff","A.C. Pagenkoff"
"A.G. Roberto","A.G. Roberto"
"A.J. Adelman","A.J. Adelman"
"Abhijit Pundla","Abhijit Pundla"
"Abraham Ramos","Abraham Ramos"
"Aari","Aari"
"Aaron Hilberdink","Aaron Hilberdink"
"Aaron Wiseman","Aaron Wiseman"
"Abdi Fatah Adawe","Abdi Fatah Adawe"
"Abhi Battacharya","Abhi Battacharya"
"Ace Destiny Ryan","Ace Destiny Ryan"
"3 Winans Brothers","3 Winans Brothers"
"Aaron Rivera","Aaron Rivera"
"Aaron Weeks","Aaron Weeks"
"Aaron Worley","Aaron Worley"
"Abby Travis","Abby Travis"
"Abdel Khalek Saleh","Abdel Khalek Saleh"
"Abdelhadi Baaddi","Abdelhadi Baaddi"
"Abigail Chu","Abigail Chu"
"Sweet Lou Johnson","Sweet Lou Johnson"
"Aaron Feser","Aaron Feser"
"Abagail Mac","Abagail Mac"
"30 Seconds To Mars","30 Seconds To Mars"
"ukasz Jaczewski","ukasz Jaczewski"
"Aadil Chahal","Aadil Chahal"
"Aaliyah Larsen","Aaliyah Larsen"
"Aaron Duqaine","Aaron Duqaine"
"Iceman John Scully","Iceman John Scully"
"A.C. Santos","A.C. Santos"
"A.T.M. Shamsuzzaman","A.T.M. Shamsuzzaman"
"Abel Jafri","Abel Jafri"
"AJ Decoste","AJ Decoste"
"Aaron Cobham","Aaron Cobham"
"Aaron Jeffrey","Aaron Jeffrey"
"Abhimanyu Garg","Abhimanyu Garg"
"Abraham Makany","Abraham Makany"
"Sticky Fingaz Jones","Sticky Fingaz Jones"
"Aamrik Arjun","Aamrik Arjun"
"Aaron Glaser","Aaron Glaser"
"Aaron Mouser","Aaron Mouser"
"Aaron Spivey-Sorrells","Aaron Spivey-Sorrells"
"Aaron Tomlin","Aaron Tomlin"
"Aaron Tyler","Aaron Tyler"
"Abbi Downes","Abbi Downes"
"Abbie Guilding","Abbie Guilding"
"Abel Woolrich","Abel Woolrich"
"Abu Bakr Mirre","Abu Bakr Mirre"
"Abul Khair","Abul Khair"
"A.J.","A.J."
"A.J. Croce","A.J. Croce"
"ALLAN BADDOCK","ALLAN BADDOCK"
"Aaron Barcelo","Aaron Barcelo"
"Aaron Kelly","Aaron Kelly"
"Abbie Anderson","Abbie Anderson"
"Abd-Elkarim Abu-Barakeh","Abd-Elkarim Abu-Barakeh"
"Abdulkadir Yousif","Abdulkadir Yousif"
"A.J. Cook","A.J. Cook"
"AB Soto","AB Soto"
"AJR","AJR"
"Aaron Aguilera","Aaron Aguilera"
"Aasha Pawar","Aasha Pawar"
"Aashin A. Shah","Aashin A. Shah"
"Abby Rakic-Platt","Abby Rakic-Platt"
"Abby White","Abby White"
"Abdalla Bu Abed","Abdalla Bu Abed"
"Abraham García","Abraham García"
"31Knots","31Knots"
"A.J. Alexander","A.J. Alexander"
"A1","A1"
"Aaron Banks","Aaron Banks"
"Aaron Kjenaas","Aaron Kjenaas"
"Aaron Ruben","Aaron Ruben"
"Abraham Boyd","Abraham Boyd"
"Aaron Summer","Aaron Summer"
"Abbey Blake","Abbey Blake"
"Abdel Aziz Azouz","Abdel Aziz Azouz"
"Abdi Kani","Abdi Kani"
"Abe Lim","Abe Lim"
"Abe Teter","Abe Teter"
"33Miles","33Miles"
"A.J. Balance","A.J. Balance"
"A.X. Johnson","A.X. Johnson"
"Aakash Dabhade","Aakash Dabhade"
"Aaman Mendez","Aaman Mendez"
"Aaron Flores","Aaron Flores"
"Aaron Kleiber","Aaron Kleiber"
"Aaron Lustig","Aaron Lustig"
"Abbott Alexander","Abbott Alexander"
"Abel Tesfaye","Abel Tesfaye"
"Accursio Di Leo","Accursio Di Leo"
"A'via D","A'via D"
"Aaron Gutierrez","Aaron Gutierrez"
"Abbie Hirst","Abbie Hirst"
"Abby Wolf","Abby Wolf"
"Abed Abest","Abed Abest"
"Abrill Gerald","Abrill Gerald"
"A.D. Barker","A.D. Barker"
"Aaron Rhodes","Aaron Rhodes"
"Aaron Richard Golub","Aaron Richard Golub"
"Abbas Nazeri","Abbas Nazeri"
"Abdalah Mishrif","Abdalah Mishrif"
"Abhijeet Deshpande","Abhijeet Deshpande"
"'nita whitaker","'nita whitaker"
"A.J. Barrera","A.J. Barrera"
"Aamir Malik","Aamir Malik"
"Aaron Douglas Zuber","Aaron Douglas Zuber"
"Aaron Greenberg","Aaron Greenberg"
"Aaron Harris","Aaron Harris"
"Abubakar Jamil","Abubakar Jamil"
"Aaron Harvey","Aaron Harvey"
"Aaron Henkin","Aaron Henkin"
"Abbas Manis","Abbas Manis"
"Abdel Gawad Metwalli","Abdel Gawad Metwalli"
"Abdel Mostefa","Abdel Mostefa"
"Abel Tripaldi","Abel Tripaldi"
"A.J. Delia","A.J. Delia"
"A.J. Riebli III","A.J. Riebli III"
"Aaron Wilcox","Aaron Wilcox"
"Abdel Alim Khattab","Abdel Alim Khattab"
"Abdul Salam","Abdul Salam"
"Abel Folk","Abel Folk"
"Poppy Parker","Poppy Parker"
"A'Keiba Burrell-Hammer","A'Keiba Burrell-Hammer"
"A. K. Hangal","A. K. Hangal"
"A. Wilford Brimley","A. Wilford Brimley"
"A.D. Miles","A.D. Miles"
"ALEX SCHILLER","ALEX SCHILLER"
"Aaron Jungels","Aaron Jungels"
"Aaron Lawrence","Aaron Lawrence"
"Aarti Guha","Aarti Guha"
"Abe Lasser","Abe Lasser"
"Abeeda Scello","Abeeda Scello"
"Abigail Avila","Abigail Avila"
"A.N. Alcaff","A.N. Alcaff"
"Aachi Manorama","Aachi Manorama"
"Aaron Brown","Aaron Brown"
"Aaron Chase","Aaron Chase"
"Aaron Milo","Aaron Milo"
"Abdelilah Wahbi","Abdelilah Wahbi"
"Abdul Salis","Abdul Salis"
"Abigail Gordon","Abigail Gordon"
"Abigail Hopkins","Abigail Hopkins"
"A. Mikhailov","A. Mikhailov"
"Aaralyn Barria","Aaralyn Barria"
"Aaron Carpenter","Aaron Carpenter"
"Aaron Chalmers","Aaron Chalmers"
"Aaron Hines","Aaron Hines"
"Aaron Quick Nelson","Aaron Quick Nelson"
"Aarti Chabbria","Aarti Chabbria"
"Abbo Ouedraogo","Abbo Ouedraogo"
"Abdiwali Farrah","Abdiwali Farrah"
"Abhishekh Kapoor","Abhishekh Kapoor"
"Abu Aldanish","Abu Aldanish"
"A.C. Stephen","A.C. Stephen"
"A.K. Braxton","A.K. Braxton"
"Aaron Andreino","Aaron Andreino"
"Abigail","Abigail"
"Sugar Shane Mosley","Sugar Shane Mosley"
"A. Vega","A. Vega"
"Aaron Wirtz","Aaron Wirtz"
"Aarya Babbar","Aarya Babbar"
"Abbey Rains","Abbey Rains"
"Abby Phillip","Abby Phillip"
"Abdelkrim Cheddati","Abdelkrim Cheddati"
"Abe Reynolds","Abe Reynolds"
"Abe Rich","Abe Rich"
"Abhijit","Abhijit"
"A Fine Frenzy","A Fine Frenzy"
"Abe Santillanes","Abe Santillanes"
"Abril Onyl","Abril Onyl"
"Ace Harden","Ace Harden"
"Buffalo Bob Smith","Buffalo Bob Smith"
"2NE1","2NE1"
"A. J. Cook","A. J. Cook"
"Aapo Pukk","Aapo Pukk"
"Aaron N. Charles","Aaron N. Charles"
"Abdallah Gheith","Abdallah Gheith"
"A. Tsitlidze","A. Tsitlidze"
"A.B. Comatheire","A.B. Comatheire"
"Aachal Munjal","Aachal Munjal"
"Aaron Courteau","Aaron Courteau"
"Aaron Fontaine","Aaron Fontaine"
"Aaron Rodgers","Aaron Rodgers"
"Abdull Khan","Abdull Khan"
"Abe Rodriguez","Abe Rodriguez"
"Abigail Thaw","Abigail Thaw"
"Abraham Aguilar","Abraham Aguilar"
"A.C. Green","A.C. Green"
"Aanchal Munjal","Aanchal Munjal"
"Abdi Waithe","Abdi Waithe"
"A-Trak,Tommy Trash","A-Trak,Tommy Trash"
"Aaron Sparks","Aaron Sparks"
"Aaron Tavaler","Aaron Tavaler"
"Abbey Campbell","Abbey Campbell"
"Abbey Gale","Abbey Gale"
"Abe Wagner","Abe Wagner"
"A'leshia Lee","A'leshia Lee"
"A.Z. Kelsey","A.Z. Kelsey"
"Aaron Shiver","Aaron Shiver"
"Aaron Zuber","Aaron Zuber"
"Abbe Lane","Abbe Lane"
"Abby Taylor","Abby Taylor"
"Abhijith","Abhijith"
"187 Blitz","187 Blitz"
"A.J. Damato","A.J. Damato"
"Aaron Phillips","Aaron Phillips"
"Aarti Chandorkar","Aarti Chandorkar"
"Abbey Monnin","Abbey Monnin"
"Abbul Karim Qawasmi","Abbul Karim Qawasmi"
"Abdelkader Lofti","Abdelkader Lofti"
"Abdugani Saidov","Abdugani Saidov"
"Abhijeeth Poondla","Abhijeeth Poondla"
"Abao Chen","Abao Chen"
"Abbey Sharp","Abbey Sharp"
"A. Kammeyer","A. Kammeyer"
"A. Maana Tanelah","A. Maana Tanelah"
"A. Vardul","A. Vardul"
"A.J. Summers","A.J. Summers"
"AJ Hudson","AJ Hudson"
"Aaron Bartz","Aaron Bartz"
"Aaron Zebede","Aaron Zebede"
"Abdelaziz Meherzi","Abdelaziz Meherzi"
"Abderrahim Bayga","Abderrahim Bayga"
"Abigail Chapin","Abigail Chapin"
"Abigail Schornick","Abigail Schornick"
"A.J. Pero","A.J. Pero"
"Aakash Maheriya","Aakash Maheriya"
"Aaron Fiore","Aaron Fiore"
"Aaron Hart","Aaron Hart"
"Aaron Tomchik","Aaron Tomchik"
"Abby Schachner","Abby Schachner"
"Aaron Cuschieri","Aaron Cuschieri"
"Abbi Roads","Abbi Roads"
"Abe Pagtama","Abe Pagtama"
"Spec O'Donnell","Spec O'Donnell"
"A.R. Rahman","A.R. Rahman"
"Aaron Andrade","Aaron Andrade"
"Aaron Kubey","Aaron Kubey"
"Aaron Webber","Aaron Webber"
"Abdel Moneim Ibrahim","Abdel Moneim Ibrahim"
"Abdelhak Zhayra","Abdelhak Zhayra"
"Abdul Merali","Abdul Merali"
"Abel Soto","Abel Soto"
"Abhinayasri","Abhinayasri"
"Big Leroy Mobley","Big Leroy Mobley"
"Crip Heard","Crip Heard"
"A.D. Adams","A.D. Adams"
"Aaron Crippen","Aaron Crippen"
"Abdala Keserwani","Abdala Keserwani"
"Abhijeet Satam","Abhijeet Satam"
"Abigail Blackmore","Abigail Blackmore"
"Abigail Winter","Abigail Winter"
"Ace Antonio Hall","Ace Antonio Hall"
"3rd Eye Girl","3rd Eye Girl"
"A.J. Ross","A.J. Ross"
"A.M. Williams","A.M. Williams"
"Aaran Chaudhary","Aaran Chaudhary"
"Aaron Fall","Aaron Fall"
"Abel Gance","Abel Gance"
"Abhishek Kumar","Abhishek Kumar"
"A. Zhiltsov","A. Zhiltsov"
"Aaron Benjamin Colby","Aaron Benjamin Colby"
"Aaron Craft","Aaron Craft"
"Abdoul Kouanda","Abdoul Kouanda"
"Ace Reid","Ace Reid"
"A. Hans Scheirl","A. Hans Scheirl"
"Aaron David Johnson","Aaron David Johnson"
"Aaron Eschenburg","Aaron Eschenburg"
"Aaron Raabe","Aaron Raabe"
"Aashir Wajahat","Aashir Wajahat"
"Ab Mr. Hollywood Cooper","Ab Mr. Hollywood Cooper"
"Abbey Hunt","Abbey Hunt"
"Abdullah Abbas","Abdullah Abbas"
"Abigail Leigh Spencer","Abigail Leigh Spencer"
"Abigail Wake","Abigail Wake"
"Aaron Keith Braxton","Aaron Keith Braxton"
"Abdul Marcos","Abdul Marcos"
"Abner Lloveras","Abner Lloveras"
"Aaron Chartrand","Aaron Chartrand"
"Aaron Haskell","Aaron Haskell"
"Aaron Homoki","Aaron Homoki"
"Aaron Spann","Aaron Spann"
"Aaron Wolff","Aaron Wolff"
"Abbe Kanter","Abbe Kanter"
"Abigail Falle","Abigail Falle"
"Abigail Pniowsky","Abigail Pniowsky"
"Abraham Jules","Abraham Jules"
"Abram Calderon","Abram Calderon"
"A.C. Smith","A.C. Smith"
"A.J. Khan","A.J. Khan"
"Aaron Anthony Harper","Aaron Anthony Harper"
"Aaron Blabey","Aaron Blabey"
"Aaron Kissiov","Aaron Kissiov"
"Aaron Toronto","Aaron Toronto"
"Abbas Kazerooni","Abbas Kazerooni"
"Abby Hensel","Abby Hensel"
"Abe Dewing","Abe Dewing"
"Abed Zuabi","Abed Zuabi"
"A. Sudkaveich","A. Sudkaveich"
"Aaron Douglas","Aaron Douglas"
"Aarti Mann","Aarti Mann"
"Abakar Chene Massar","Abakar Chene Massar"
"Abby Paige","Abby Paige"
"Abdoul Aziz Diop","Abdoul Aziz Diop"
"Abhay Bethiganti","Abhay Bethiganti"
"9 Loc","9 Loc"
"Abdel Moneim Madbouly","Abdel Moneim Madbouly"
"Abdiwale Mohmed Mohamed","Abdiwale Mohmed Mohamed"
"Abe Greyhound","Abe Greyhound"
"Abelardo Vladich","Abelardo Vladich"
"Abhishek Krishnan","Abhishek Krishnan"
"Abi Tucker","Abi Tucker"
"Aaron Fink","Aaron Fink"
"Aaron Kamin","Aaron Kamin"
"Aaron Parker Mouser","Aaron Parker Mouser"
"Aaryn Smith","Aaryn Smith"
"Abby Quinn Jackman","Abby Quinn Jackman"
"Abdul-Khaliq Murtadha","Abdul-Khaliq Murtadha"
"Abeer Sabry","Abeer Sabry"
"Abigail Stone","Abigail Stone"
"Abigail West","Abigail West"
"4Troops","4Troops"
"A. Leslie Kies","A. Leslie Kies"
"A.J. Achinger","A.J. Achinger"
"A.J. Calloway","A.J. Calloway"
"A.K. Honey","A.K. Honey"
"AJ Estrada","AJ Estrada"
"Abigail McKern","Abigail McKern"
"Abigail Wiley","Abigail Wiley"
"Ablay","Ablay"
"Aadukalam Murugadoss","Aadukalam Murugadoss"
"Aaron Goettel","Aaron Goettel"
"Aaron Williams","Aaron Williams"
"Abdelilah Rachid","Abdelilah Rachid"
"Abel Ferrara","Abel Ferrara"
"Abhijati Meuk Jusakul","Abhijati Meuk Jusakul"
"ASAD","ASAD"
"Aaron Rosand","Aaron Rosand"
"Aaron Shields","Aaron Shields"
"Abby Murphy","Abby Murphy"
"Abe Mills","Abe Mills"
"Abhishek Bachchan","Abhishek Bachchan"
"Abi Centrik","Abi Centrik"
"Abigail Duhon","Abigail Duhon"
"Acauã Sol","Acauã Sol"
"Aaron Harnick","Aaron Harnick"
"Aaron Metchik","Aaron Metchik"
"Aaron Tippin","Aaron Tippin"
"Abdul Malik Abbott","Abdul Malik Abbott"
"Abhishek Verma","Abhishek Verma"
"Abigail Fraken","Abigail Fraken"
"Aaron Printup","Aaron Printup"
"A.J. Applegate","A.J. Applegate"
"Aaron Trainor","Aaron Trainor"
"Aaron Wilcoxxx","Aaron Wilcoxxx"
"Aasshif Sheikh","Aasshif Sheikh"
"Abba Eban","Abba Eban"
"Abby Steinman","Abby Steinman"
"Abdelkader Aizzoune","Abdelkader Aizzoune"
"Abram Frank Reynolds","Abram Frank Reynolds"
"Captain Lou Albano","Captain Lou Albano"
"3 Redneck Tenors","3 Redneck Tenors"
"Aaron Snook","Aaron Snook"
"Aaron Toney","Aaron Toney"
"Abdullah Masoud","Abdullah Masoud"
"Abel A. Cureño","Abel A. Cureño"
"Abigail Rokison","Abigail Rokison"
"Aaron Goodwin","Aaron Goodwin"
"Aaron R. Landon","Aaron R. Landon"
"Aaron Smith","Aaron Smith"
"Aaron Ward","Aaron Ward"
"Aarti","Aarti"
"Abbey Anderson","Abbey Anderson"
"A.W. Baskcomb","A.W. Baskcomb"
"AJ Dee","AJ Dee"
"Aaron Parker","Aaron Parker"
"Abdul Duke Fakir","Abdul Duke Fakir"
"Abhay Mahajan","Abhay Mahajan"
"Abigail Petit-Frere","Abigail Petit-Frere"
"Abigail Victor","Abigail Victor"
"A.J. Stabone","A.J. Stabone"
"Aaron J. Sandler","Aaron J. Sandler"
"Aaron Kissinger","Aaron Kissinger"
"Abbo De La Cruz","Abbo De La Cruz"
"Abby DeSchenes","Abby DeSchenes"
"Abdulmajeed Al-Ruhaidi","Abdulmajeed Al-Ruhaidi"
"Abey Guerrero","Abey Guerrero"
"Abibatu Shaw","Abibatu Shaw"
"Aboubakar Toine","Aboubakar Toine"
"A.J. Gilmer","A.J. Gilmer"
"A.J. Smitrovich","A.J. Smitrovich"
"Aa Geislerová","Aa Geislerová"
"Abdou Boukefa","Abdou Boukefa"
"Abe Burrows","Abe Burrows"
"Aarav Khanna","Aarav Khanna"
"Aaron Izbicki","Aaron Izbicki"
"Aaron Lhamon","Aaron Lhamon"
"Abbey Bavley","Abbey Bavley"
"Abbie Jaye","Abbie Jaye"
"Abhay Chopra","Abhay Chopra"
"Abhishek Sanyal","Abhishek Sanyal"
"Abril Gerald","Abril Gerald"
"A.B. Quintanilla","A.B. Quintanilla"
"Aaron Blake","Aaron Blake"
"Aaron Kyle Miles","Aaron Kyle Miles"
"Aaron Smalls","Aaron Smalls"
"Aasha Kale","Aasha Kale"
"Abby Wills","Abby Wills"
"Abdiaziz Hilowle","Abdiaziz Hilowle"
"Abu George Shibli","Abu George Shibli"
"2Cellos","2Cellos"
"A.J. Glassman","A.J. Glassman"
"Aaron Cage","Aaron Cage"
"Aaron Foster","Aaron Foster"
"Aaron Marcellus","Aaron Marcellus"
"Aaron Roman Weiner","Aaron Roman Weiner"
"Abulah T. Hameen","Abulah T. Hameen"
"Aaron Schweitzer","Aaron Schweitzer"
"Abby Lee Miller","Abby Lee Miller"
"Abdel Salam Al Nabulsy","Abdel Salam Al Nabulsy"
"Abraham Lax","Abraham Lax"
"Abraham Qamminiq","Abraham Qamminiq"
"Abu Rashid Khan","Abu Rashid Khan"
"A. Bromley Davenport","A. Bromley Davenport"
"AJ Wedding","AJ Wedding"
"Aaron Dismuke","Aaron Dismuke"
"Aaron Pages","Aaron Pages"
"Aaron Poole","Aaron Poole"
"Abe Benrubi","Abe Benrubi"
"Abra Chouinard","Abra Chouinard"
"AAP Mob","AAP Mob"
"Aaron Baggaley","Aaron Baggaley"
"Aaron Glenane","Aaron Glenane"
"Abdelaziz N'Mila","Abdelaziz N'Mila"
"Abe Lefton","Abe Lefton"
"Abhin Galeya","Abhin Galeya"
"Abraham Benjamin","Abraham Benjamin"
"A. Michelle Harleston","A. Michelle Harleston"
"A. Whitney Brown","A. Whitney Brown"
"A.J. Mallett","A.J. Mallett"
"AJ Jacobs","AJ Jacobs"
"Abdelhak Swilah","Abdelhak Swilah"
"Ace Hood","Ace Hood"
"Crocodile Mick Pittman","Crocodile Mick Pittman"
"7Lions","7Lions"
"A.J. Trauth","A.J. Trauth"
"AJ Noel","AJ Noel"
"Aaron Baker","Aaron Baker"
"Aaron Webster","Aaron Webster"
"Abi Titmuss","Abi Titmuss"
"2 Cold Scorpio","2 Cold Scorpio"
"A. Patukhova","A. Patukhova"
"A.J. Adamson","A.J. Adamson"
"A.J. Cano","A.J. Cano"
"Aaron Alpern","Aaron Alpern"
"Aaron Grissom","Aaron Grissom"
"Aaron Himelstein","Aaron Himelstein"
"Abbey Layne","Abbey Layne"
"Abby Ryder Fortson","Abby Ryder Fortson"
"Abdel Gonzalez","Abdel Gonzalez"
"Abol Futouh Omara","Abol Futouh Omara"
"Absolute Starr","Absolute Starr"
"A.J. Marciona","A.J. Marciona"
"A.R. Hellquist","A.R. Hellquist"
"Aaron Goff","Aaron Goff"
"Aaron Norris","Aaron Norris"
"Aaron Opara","Aaron Opara"
"Aaron Shaw","Aaron Shaw"
"Abigail Oliver","Abigail Oliver"
"Abril Reyes","Abril Reyes"
"Ace Sterling","Ace Sterling"
"Aaron U. Brown","Aaron U. Brown"
"Aaron Wilkinson","Aaron Wilkinson"
"Aaryn Smiley","Aaryn Smiley"
"Abbey Brooks","Abbey Brooks"
"Abby Walla","Abby Walla"
"Abdou Filali","Abdou Filali"
"A. Arsenjew","A. Arsenjew"
"Aaron Olson","Aaron Olson"
"Aaron T. Rudd","Aaron T. Rudd"
"Aaron Voan Wagner","Aaron Voan Wagner"
"Abby Vasek","Abby Vasek"
"Abel Becerra","Abel Becerra"
"A.E. Gould-Porter","A.E. Gould-Porter"
"Aaron Krebs","Aaron Krebs"
"Aaron Staton","Aaron Staton"
"Abby Greenhalgh","Abby Greenhalgh"
"Abdelahk Lazali","Abdelahk Lazali"
"Abeni Wimbush","Abeni Wimbush"
"Abner Delina","Abner Delina"
"Abril Campillo","Abril Campillo"
"A. Gurung","A. Gurung"
"Aaron Jennings Hartnell","Aaron Jennings Hartnell"
"Aaron Sharif","Aaron Sharif"
"Aaron Wan","Aaron Wan"
"Abba Bilancoro","Abba Bilancoro"
"Abby Dylan","Abby Dylan"
"Abraham Belaga","Abraham Belaga"
"A. G. Vitanza","A. G. Vitanza"
"Aaron Cohen","Aaron Cohen"
"Aaron McNally","Aaron McNally"
"Abbey Road","Abbey Road"
"Abril Braunstein","Abril Braunstein"
"A.D. Roso","A.D. Roso"
"AJ Celi","AJ Celi"
"Abagelle Banks","Abagelle Banks"
"Abdel Ghani Benizza","Abdel Ghani Benizza"
"Abdelati Lambarki","Abdelati Lambarki"
"Abdelatif Hwidar","Abdelatif Hwidar"
"Abigail Richie","Abigail Richie"
"Abou-Bakre Aalam","Abou-Bakre Aalam"
"Abreu Abreu","Abreu Abreu"
"4Him","4Him"
"A.M. Phiri","A.M. Phiri"
"Aaron Hawkins","Aaron Hawkins"
"Aaron Lamprey","Aaron Lamprey"
"Aaron Linker","Aaron Linker"
"Aaron Weisinger","Aaron Weisinger"
"Abbie Butler","Abbie Butler"
"Abiba Kabore","Abiba Kabore"
"A.J. Ekoku","A.J. Ekoku"
"AJ Benson","AJ Benson"
"Aaliyah Madyun","Aaliyah Madyun"
"Aaron Houston","Aaron Houston"
"Aaron Kaufman","Aaron Kaufman"
"Aaron McCusker","Aaron McCusker"
"Abbey Earl","Abbey Earl"
"Jersey Jeff Miranda","Jersey Jeff Miranda"
"A Few Good Men","A Few Good Men"
"A Simple Plan","A Simple Plan"
"ARTE","ARTE"
"Aadukalam Naren","Aadukalam Naren"
"Aaron Buer","Aaron Buer"
"Aaron Knight","Aaron Knight"
"Abbey Thickson","Abbey Thickson"
"Abd Alaziz Makhyoun","Abd Alaziz Makhyoun"
"Abdelhafid Metalsi","Abdelhafid Metalsi"
"Abele Reggiani","Abele Reggiani"
"Abigail Bianca","Abigail Bianca"
"Crazy Joe Russo","Crazy Joe Russo"
"Superstar Billy Graham","Superstar Billy Graham"
"Aaron Ashmore","Aaron Ashmore"
"Aaron Eanas","Aaron Eanas"
"Aaron Meeks","Aaron Meeks"
"Aaron Monaghan","Aaron Monaghan"
"Aaron Nelson","Aaron Nelson"
"Aaron William Johnston","Aaron William Johnston"
"Abelardo Jaimes","Abelardo Jaimes"
"Aamir Tameem","Aamir Tameem"
"Aaron Frazier","Aaron Frazier"
"Aaron Hitz","Aaron Hitz"
"Aaron King","Aaron King"
"Abby Rode","Abby Rode"
"Abe Hendy","Abe Hendy"
"AAP Ferg","AAP Ferg"
"A. Ray Ratliff","A. Ray Ratliff"
"AJ Applegate","AJ Applegate"
"Aaron Dalla Villa","Aaron Dalla Villa"
"Aaron Waiton","Aaron Waiton"
"Abhimanyyu","Abhimanyyu"
"Abigail Titmuss","Abigail Titmuss"
"'Kuri' Prathap","'Kuri' Prathap"
"Aaron Gryder","Aaron Gryder"
"Aaron Polsky","Aaron Polsky"
"Abigail Mavity","Abigail Mavity"
"Aaron Englander","Aaron Englander"
"Aaron Lapedis","Aaron Lapedis"
"Aaron Rico","Aaron Rico"
"Abby McCoy","Abby McCoy"
"Abdolali Hoseinali","Abdolali Hoseinali"
"Aaron Sauter","Aaron Sauter"
"Aaron Williams Jr.","Aaron Williams Jr."
"Abbas-Ali Roomandi","Abbas-Ali Roomandi"
"Abby Bautista","Abby Bautista"
"Abdel Moneem Chouayat","Abdel Moneem Chouayat"
"Abdellah Chakiri","Abdellah Chakiri"
"Abedelouhahad Mouaddine","Abedelouhahad Mouaddine"
"Abraham Celektar","Abraham Celektar"
"Aaron Paul","Aaron Paul"
"Abby Austin","Abby Austin"
"A.J. Langer","A.J. Langer"
"AJ Rivera","AJ Rivera"
"Abby Bynes","Abby Bynes"
"Abdelilah Wahni","Abdelilah Wahni"
"Abid Khan","Abid Khan"
"Abolfazi Ahankhah","Abolfazi Ahankhah"
"Aby Kunjumon","Aby Kunjumon"
"4Shore","4Shore"
"A'Mani Simmons","A'Mani Simmons"
"Aarne Üksküla","Aarne Üksküla"
"Aaron Hughes","Aaron Hughes"
"Aaron Miko","Aaron Miko"
"Aaron Vieyra","Aaron Vieyra"
"Aasad Mirza","Aasad Mirza"
"Aashif Sheikh","Aashif Sheikh"
"Abe Simon","Abe Simon"
"A.T. Montgomery","A.T. Montgomery"
"Aaran","Aaran"
"Aaron Loy","Aaron Loy"
"Abril Arreola","Abril Arreola"
"Absalão Narduela","Absalão Narduela"
"Aaron Craven","Aaron Craven"
"Aaron Gassor","Aaron Gassor"
"Aaron Sanders","Aaron Sanders"
"Abdul Goznobi","Abdul Goznobi"
"Abel Jaramillo","Abel Jaramillo"
"Abid Ali","Abid Ali"
"Abigail Pogrebin","Abigail Pogrebin"
"Ac Costa","Ac Costa"
"A. C. Zainuddin","A. C. Zainuddin"
"Aarath","Aarath"
"Aarati","Aarati"
"Abla Kamel","Abla Kamel"
"Ace Frehley","Ace Frehley"
"Mad Frankie Fraser","Mad Frankie Fraser"
"A.C. Carvalho","A.C. Carvalho"
"A.C. Davison","A.C. Davison"
"Aaron Carroll","Aaron Carroll"
"Abigail Sanchez","Abigail Sanchez"
"Aaron Carver","Aaron Carver"
"Aaron Christian Howles","Aaron Christian Howles"
"Abby J. Arnold","Abby J. Arnold"
"Abe Kroll","Abe Kroll"
"Abel Amador","Abel Amador"
"Abitha","Abitha"
"Ace Hunter","Ace Hunter"
"Aaron B. Huey","Aaron B. Huey"
"Aaron Seville","Aaron Seville"
"Abdel Wahed Askar","Abdel Wahed Askar"
"Abhiram Bhadkamkar","Abhiram Bhadkamkar"
"Abraham Lim","Abraham Lim"
"wingin' Utter","wingin' Utter"
"Aaron Brownstein","Aaron Brownstein"
"Aaron Farb","Aaron Farb"
"Aaron Fors","Aaron Fors"
"Abdelhakim Rachi","Abdelhakim Rachi"
"Ace Blackwell","Ace Blackwell"
"A.H. Sodagar","A.H. Sodagar"
"AJ Perez","AJ Perez"
"Aaliyah Brown","Aaliyah Brown"
"Aaron McPherson","Aaron McPherson"
"Aaron Pearl","Aaron Pearl"
"Abraham Nwodo","Abraham Nwodo"
"Aaron Jeffcoate","Aaron Jeffcoate"
"Aaron Michael Davies","Aaron Michael Davies"
"Aaron Michael Drozin","Aaron Michael Drozin"
"Abbas Esfandiari","Abbas Esfandiari"
"Abby Bluestone","Abby Bluestone"
"Abby Hagyard","Abby Hagyard"
"Abril","Abril"
"Abdelkader Secteur","Abdelkader Secteur"
"Abdul Rahman","Abdul Rahman"
"Abdulrahman Abu Gassem","Abdulrahman Abu Gassem"
"Abiezer Delgado","Abiezer Delgado"
"Abigail Rosen","Abigail Rosen"
"Abigale Johnson","Abigale Johnson"
"A. Toni Sterrett","A. Toni Sterrett"
"A.J. Goodrich","A.J. Goodrich"
"A.V.M. Rajan","A.V.M. Rajan"
"Aarjav Trivedi","Aarjav Trivedi"
"Aaron Sorkin","Aaron Sorkin"
"Abdel Menam Abu El Fatouh","Abdel Menam Abu El Fatouh"
"Abella","Abella"
"Abidin Yerebakan","Abidin Yerebakan"
"Abril Schreiber","Abril Schreiber"
"Ace Ryan","Ace Ryan"
"Aaron B. Harper","Aaron B. Harper"
"Aaron Pruner","Aaron Pruner"
"Aaron Thompkins","Aaron Thompkins"
"Aarón Hernán","Aarón Hernán"
"Abderrahim Samadi","Abderrahim Samadi"
"Abe Unger","Abe Unger"
"Abeille Gelinas","Abeille Gelinas"
"AJ Vaage","AJ Vaage"
"Aaron Lehmann","Aaron Lehmann"
"Aaron Rice","Aaron Rice"
"Ab Vegvary","Ab Vegvary"
"Abbas Moayeri","Abbas Moayeri"
"Abdol Tames","Abdol Tames"
"Abraham Zobloki","Abraham Zobloki"
"pek Erdem","pek Erdem"
"A.J. Bailey","A.J. Bailey"
"Aaron Bertram","Aaron Bertram"
"Aaron Hutchinson","Aaron Hutchinson"
"Aaron Moody","Aaron Moody"
"Aasha Davis","Aasha Davis"
"Abba Waka Dessalegn","Abba Waka Dessalegn"
"Abdelsselem Ben Amar","Abdelsselem Ben Amar"
"Abel Archer","Abel Archer"
"Abel Casillas","Abel Casillas"
"Abraham Ronai","Abraham Ronai"
"Abriella Gonzales","Abriella Gonzales"
"Special Greg Powell","Special Greg Powell"
"A. Rebecca Thompson","A. Rebecca Thompson"
"AJ Muhlach","AJ Muhlach"
"Aaralyn Barra","Aaralyn Barra"
"Aaron Duffey","Aaron Duffey"
"Abdelah Anass","Abdelah Anass"
"Abella Wyss","Abella Wyss"
"Abi Van Andel","Abi Van Andel"
"A. Safroshin","A. Safroshin"
"AJ Wilson McPhaul","AJ Wilson McPhaul"
"Aarif Mirza","Aarif Mirza"
"Aaron Costa Ganis","Aaron Costa Ganis"
"Aaron Morse","Aaron Morse"
"Aaron Norvell","Aaron Norvell"
"Abbas Fares","Abbas Fares"
"Abbe Hoekstra","Abbe Hoekstra"
"Abou Camara","Abou Camara"
"Abraham Sofaer","Abraham Sofaer"
"Mystical Mike Paterek","Mystical Mike Paterek"
"A. Anadh","A. Anadh"
"A. Rickman","A. Rickman"
"Ab Abspeol","Ab Abspeol"
"Abbi Gray","Abbi Gray"
"Abigail Kanter","Abigail Kanter"
"Abigail Perji","Abigail Perji"
"Abigail Wolcott","Abigail Wolcott"
"Abril Only","Abril Only"
"A.J. Tannen","A.J. Tannen"
"Aaralyn","Aaralyn"
"Aaron Pritchett","Aaron Pritchett"
"Abdoulaye Camara","Abdoulaye Camara"
"Aaron Beyer","Aaron Beyer"
"Aaron Kuhr","Aaron Kuhr"
"Aaron Miedema","Aaron Miedema"
"Aasif Sheikh","Aasif Sheikh"
"Abdel Aziz Makhyoun","Abdel Aziz Makhyoun"
"Abigail Klein","Abigail Klein"
"Ace Gordon","Ace Gordon"
"A. Ivankin","A. Ivankin"
"Aaron Christensen","Aaron Christensen"
"Aaron Morrill","Aaron Morrill"
"Abbey Neidik","Abbey Neidik"
"Abdellatif Hamrouni","Abdellatif Hamrouni"
"Abella Anderson","Abella Anderson"
"A.J. Gibson","A.J. Gibson"
"Aadi","Aadi"
"Aaron Roberts","Aaron Roberts"
"Aaryn Gries","Aaryn Gries"
"Abe Spigner","Abe Spigner"
"Aby Rao","Aby Rao"
"2Pac","2Pac"
"A. Budnitskaya","A. Budnitskaya"
"A. Venkatesh","A. Venkatesh"
"A.J. Allen","A.J. Allen"
"Aaron Castillan","Aaron Castillan"
"Aaron Vasquez","Aaron Vasquez"
"Abian Vainstein","Abian Vainstein"
"'Michou' Michel Tchibinda","'Michou' Michel Tchibinda"
"50 Cent","50 Cent"
"Aaron West","Aaron West"
"Abe Forsythe","Abe Forsythe"
"'Mama' Cass Elliot","'Mama' Cass Elliot"
"Aboubacar Sidiki Sumah","Aboubacar Sidiki Sumah"
"A. Ramesh Pandian","A. Ramesh Pandian"
"Aaron Craig","Aaron Craig"
"Aaron Katz","Aaron Katz"
"Aaron Rose","Aaron Rose"
"Aaron Yan","Aaron Yan"
"Aarti Chabria","Aarti Chabria"
"Abby Pivaronas","Abby Pivaronas"
"Abhi Trivedi","Abhi Trivedi"
"Aaron Groben","Aaron Groben"
"Aasha","Aasha"
"Aashish Chowdhry","Aashish Chowdhry"
"Abena Malika","Abena Malika"
"Abigail Eschete","Abigail Eschete"
"Abigail Hamilton","Abigail Hamilton"
"Accalia Quintana","Accalia Quintana"
"AFI","AFI"
"Aaron Burt","Aaron Burt"
"Aaron Conley","Aaron Conley"
"Aaron Halbrower","Aaron Halbrower"
"Aaron Latham","Aaron Latham"
"Aaron Stanford","Aaron Stanford"
"Abir Hachem","Abir Hachem"
"Abvetedla","Abvetedla"
"Aban Soni","Aban Soni"
"Abby MacAllister","Abby MacAllister"
"Abdul Ghafar Qoutbyar","Abdul Ghafar Qoutbyar"
"Abdul Kareem Abu Zayad","Abdul Kareem Abu Zayad"
"Abdul Salam Yusoufzai","Abdul Salam Yusoufzai"
"Abel Rodríguez","Abel Rodríguez"
"Aaron Retford","Aaron Retford"
"Aaron Turgeon","Aaron Turgeon"
"Abigail Droeger","Abigail Droeger"
"Abigail Morgan","Abigail Morgan"
"A.J. Stetson","A.J. Stetson"
"Aarol Paul","Aarol Paul"
"Aaron Berg","Aaron Berg"
"Aaron Biston","Aaron Biston"
"Aaron Campbell","Aaron Campbell"
"Aaron Clifton Moten","Aaron Clifton Moten"
"Abdesslam Bouhssini","Abdesslam Bouhssini"
"Abdol Rahman Karim","Abdol Rahman Karim"
"Abimael Linares","Abimael Linares"
"Aaidah Riyadh","Aaidah Riyadh"
"Abaza","Abaza"
"Abby Mukiibi Nkaaga","Abby Mukiibi Nkaaga"
"Abdoulaye NGom","Abdoulaye NGom"
"Abigail Kubeka","Abigail Kubeka"
"Abigail Mason","Abigail Mason"
"Abigail Rivera","Abigail Rivera"
"Abigail Scott","Abigail Scott"
"Abraham Amkpa","Abraham Amkpa"
"A.C. Henderson","A.C. Henderson"
"Aaron Kaufmann","Aaron Kaufmann"
"Aaron Patrick Freeman","Aaron Patrick Freeman"
"Abdullah Ibrahim","Abdullah Ibrahim"
"Abe Cunningham","Abe Cunningham"
"Abu Ansari","Abu Ansari"
"A.J. Hammond","A.J. Hammond"
"ALyX","ALyX"
"Aarielle Alexis","Aarielle Alexis"
"Aaron Achwartz","Aaron Achwartz"
"Aashish Chaudhary","Aashish Chaudhary"
"Abella Anderston","Abella Anderston"
"Abigail Adams","Abigail Adams"
"Abraham De Funes","Abraham De Funes"
"El Dasa Dasahev López","El Dasa Dasahev López"
"A. Russell Andrews","A. Russell Andrews"
"A.J. Yavnieli","A.J. Yavnieli"
"Aaron Bell","Aaron Bell"
"Aaron Brink","Aaron Brink"
"Aaron Ellis","Aaron Ellis"
"Abir Bennani","Abir Bennani"
"Aaron Guzikowski","Aaron Guzikowski"
"Aaron Ikeda","Aaron Ikeda"
"Abby Walker","Abby Walker"
"Abdallah Medhat","Abdallah Medhat"
"Abderrazek Hammami","Abderrazek Hammami"
"Abigail Lopez","Abigail Lopez"
"2 Milly","2 Milly"
"Aaron Leigh","Aaron Leigh"
"Aaron Ross","Aaron Ross"
"Abbas-Kahn Tahbaz","Abbas-Kahn Tahbaz"
"Abby Freeman","Abby Freeman"
"Abha Dhulia","Abha Dhulia"
"14 Karat Soul","14 Karat Soul"
"Aaron Beall","Aaron Beall"
"Aaron Brooks","Aaron Brooks"
"Aaron Fili","Aaron Fili"
"Aaron Porter","Aaron Porter"
"Abagayle Hardwick","Abagayle Hardwick"
"Abigail Sheldon","Abigail Sheldon"
"Abigail Wait","Abigail Wait"
"Red Boyd Morgan","Red Boyd Morgan"
"A. Bailey Chapin","A. Bailey Chapin"
"A.J. Draven","A.J. Draven"
"AC Peterson","AC Peterson"
"Aaron Geib","Aaron Geib"
"Aaron Green","Aaron Green"
"Aaron Hamill","Aaron Hamill"
"Aaron Sidwell","Aaron Sidwell"
"A.J. Brown","A.J. Brown"
"Aaron Gold","Aaron Gold"
"Abdul Razac Seco","Abdul Razac Seco"
"Abigail Washburn","Abigail Washburn"
"Acantha Lang","Acantha Lang"
"ukasz Simlat","ukasz Simlat"
"Aaron Andre Frazier","Aaron Andre Frazier"
"Aaron Wayne Hill","Aaron Wayne Hill"
"Abby Lewis","Abby Lewis"
"Abe Schmucker","Abe Schmucker"
"Abhay Kulkarni","Abhay Kulkarni"
"Abhi Bhattacharya","Abhi Bhattacharya"
"Abhisheikh","Abhisheikh"
"Abigail Zoe Lewis","Abigail Zoe Lewis"
"Abraham Marti","Abraham Marti"
"Aaron Chandler","Aaron Chandler"
"Abbie Cat","Abbie Cat"
"Abhishek Sethiya","Abhishek Sethiya"
"Abhishek Tiwari","Abhishek Tiwari"
"Abi Sakamoto","Abi Sakamoto"
"Abigail Lowe","Abigail Lowe"
"Abraham Alvarez","Abraham Alvarez"
"Aaron Mendelson","Aaron Mendelson"
"Aaron Morrow","Aaron Morrow"
"Abbi Butler","Abbi Butler"
"Abigail Hardin","Abigail Hardin"
"Ace Mask","Ace Mask"
"Aaliya","Aaliya"
"Aaliyah","Aaliyah"
"Aarathi","Aarathi"
"Aaron Heineman","Aaron Heineman"
"Abdoulaye-Azize Diabate","Abdoulaye-Azize Diabate"
"Abi McKenzie","Abi McKenzie"
"A.A. Leath","A.A. Leath"
"A.D. Blake","A.D. Blake"
"A.J. Vernet","A.J. Vernet"
"Aaron Barshack","Aaron Barshack"
"Aaron Neville","Aaron Neville"
"Aaron Nicholson","Aaron Nicholson"
"Abram Hammer","Abram Hammer"
"A.S. Fisher","A.S. Fisher"
"Aaron Jeffery","Aaron Jeffery"
"Aaron Merke","Aaron Merke"
"Aaron Simon Gross","Aaron Simon Gross"
"Aaron Thornton","Aaron Thornton"
"Aaron W. Peterson","Aaron W. Peterson"
"Abdelmonem Abdelhack","Abdelmonem Abdelhack"
"Abidine Dioari","Abidine Dioari"
"Abraam Fontana","Abraam Fontana"
"Abril Méndez","Abril Méndez"
"3-D","3-D"
"A.C. Newman","A.C. Newman"
"Aaron Livingston","Aaron Livingston"
"Abby Wambach","Abby Wambach"
"Abdel Azim Abdel Haq","Abdel Azim Abdel Haq"
"Abe Schwartz","Abe Schwartz"
"Abena Ayivor","Abena Ayivor"
"Abraham Ulayuruluk","Abraham Ulayuruluk"
"Big John McCarthy","Big John McCarthy"
"ABC","ABC"
"AJ Montgomery","AJ Montgomery"
"Aaron Alexander Spann","Aaron Alexander Spann"
"Abbie Cobb","Abbie Cobb"
"Abby Paradise","Abby Paradise"
"Abd El-Fatah El-Quossary","Abd El-Fatah El-Quossary"
"Abdulla Sunadu","Abdulla Sunadu"
"Abdullah Sahin","Abdullah Sahin"
"Ace Sinclair","Ace Sinclair"
"Aaron Taylor","Aaron Taylor"
"Aaron Teich","Aaron Teich"
"Aaron Villanueva","Aaron Villanueva"
"Aarthi","Aarthi"
"Abdul Khalim Mamatsuiev","Abdul Khalim Mamatsuiev"
"Gentle Jay Blondel","Gentle Jay Blondel"
"Aaron Gordon","Aaron Gordon"
"Aaron Lynch","Aaron Lynch"
"Aarón Díaz","Aarón Díaz"
"Abhishek Bose","Abhishek Bose"
"Abiola Uthman","Abiola Uthman"
"Abubakar Mire","Abubakar Mire"
"10,000 Maniacs","10,000 Maniacs"
"A. Morewski","A. Morewski"
"Aaron Burns","Aaron Burns"
"Aaron Letrick","Aaron Letrick"
"Aaron Nelken","Aaron Nelken"
"Aaron Stigger","Aaron Stigger"
"Aarti Bathija","Aarti Bathija"
"Abbie Eastwood","Abbie Eastwood"
"Abby Wilde","Abby Wilde"
"Abdelazziz Aslen","Abdelazziz Aslen"
"Abdellah Moundy","Abdellah Moundy"
"Abigaile Johnson","Abigaile Johnson"
"A. Scott Berg","A. Scott Berg"
"Aaron Hursh","Aaron Hursh"
"Aarti Majmudar","Aarti Majmudar"
"A-Trak","A-Trak"
"A. Berezovskaya","A. Berezovskaya"
"Aarni Ahjolinna","Aarni Ahjolinna"
"Aaron Cherry","Aaron Cherry"
"Abbary Samya","Abbary Samya"
"Abel Jafry","Abel Jafry"
"Abril Santamaria","Abril Santamaria"
"Abu Attef","Abu Attef"
"Aaron J. Nelson","Aaron J. Nelson"
"Aaron Kuban","Aaron Kuban"
"Aaron Todd Kessee","Aaron Todd Kessee"
"Abbey Lee","Abbey Lee"
"Abhay Deol","Abhay Deol"
"Abigail Revasch","Abigail Revasch"
"Abou Boukefa","Abou Boukefa"
"A.J. Noel","A.J. Noel"
"Aaron Farris","Aaron Farris"
"Aaron Franklin","Aaron Franklin"
"Aaron J. Hinson","Aaron J. Hinson"
"Abbie Vanderbeck","Abbie Vanderbeck"
"Abdel-Aziz Essayed","Abdel-Aziz Essayed"
"Abdikani Muktar","Abdikani Muktar"
"AJ Buckley","AJ Buckley"
"Aake Kalliala","Aake Kalliala"
"Abba Lessing","Abba Lessing"
"Abbe Holmes","Abbe Holmes"
"Abbes Zahmani","Abbes Zahmani"
"Abby Bankston","Abby Bankston"
"Abigail Hardingham","Abigail Hardingham"
"4Korners","4Korners"
"A. Krivchenka","A. Krivchenka"
"A.L. Kennedy","A.L. Kennedy"
"Aarin Teich","Aarin Teich"
"Aaron Fraser","Aaron Fraser"
"Aaron Riggs","Aaron Riggs"
"Abraham Gordon","Abraham Gordon"
"Aaron Stolicker","Aaron Stolicker"
"Aashika Bhatia","Aashika Bhatia"
"Abbey","Abbey"
"Abdulkadir Tuncer","Abdulkadir Tuncer"
"Abe Goodhart","Abe Goodhart"
"Abraham Chaidez","Abraham Chaidez"
"Aaron Carter","Aaron Carter"
"Abbi Crutchfield","Abbi Crutchfield"
"Abbie Spallen","Abbie Spallen"
"Abdullah Taher","Abdullah Taher"
"2squar'd","2squar'd"
"AJ Woods","AJ Woods"
"Aaron Firicano","Aaron Firicano"
"Aaron van Schie Soto","Aaron van Schie Soto"
"Aarón Rivero","Aarón Rivero"
"Abbey Wilson","Abbey Wilson"
"Abby Mueller","Abby Mueller"
"Abdelghafour Elaaziz","Abdelghafour Elaaziz"
"Abigail Canton","Abigail Canton"
"AC Murali","AC Murali"
"Aaron Stielstra","Aaron Stielstra"
"Abbey DiGregorio","Abbey DiGregorio"
"Abhijeet Chavan","Abhijeet Chavan"
"Acacia Skye","Acacia Skye"
"Hacksaw Jim Duggan","Hacksaw Jim Duggan"
"Aaron Galvin","Aaron Galvin"
"Aaron Grady","Aaron Grady"
"Aaron Nash","Aaron Nash"
"Abbey Lincoln","Abbey Lincoln"
"Abbi Snee","Abbi Snee"
"Abby Joy","Abby Joy"
"10cc","10cc"
"Aadhi","Aadhi"
"Aarif Rahman","Aarif Rahman"
"Aaron Fa'aoso","Aaron Fa'aoso"
"Aaron Wiggins","Aaron Wiggins"
"Abbas Khavaninzadeh","Abbas Khavaninzadeh"
"Academy of St. Martin in the Fields","Academy of St. Martin in the Fields"
"Abbie Salt","Abbie Salt"
"Abby Wathen","Abby Wathen"
"Abdolgani Yousefrazi","Abdolgani Yousefrazi"
"Abdul Qadir","Abdul Qadir"
"Abdullahi Prime","Abdullahi Prime"
"Abel Franco","Abel Franco"
"A. P. Smith","A. P. Smith"
"A.J. Tartleton","A.J. Tartleton"
"Aamir Ali","Aamir Ali"
"Aaron Arefe","Aaron Arefe"
"Aaron Bishop","Aaron Bishop"
"Aaron Leddick","Aaron Leddick"
"Abigail Mac","Abigail Mac"
"Aaron Ousley","Aaron Ousley"
"Aarti Kandpal","Aarti Kandpal"
"Abbie C. Solary","Abbie C. Solary"
"Abby Rike","Abby Rike"
"Abby Thompson","Abby Thompson"
"Abel Hernando","Abel Hernando"
"A.E. Anson","A.E. Anson"
"Aaliyah Jolie","Aaliyah Jolie"
"Aaron Lohr","Aaron Lohr"
"Aarti Agarwal","Aarti Agarwal"
"Abbie Dunn","Abbie Dunn"
"Abdi Ismail","Abdi Ismail"
"Wild Bill Elliott","Wild Bill Elliott"
"10 Years","10 Years"
"2 Chainz","2 Chainz"
"Aadithya","Aadithya"
"Aaron Smock","Aaron Smock"
"Abbas Alijome","Abbas Alijome"
"Abigail Andjel","Abigail Andjel"
"Abiola Segun-Williams","Abiola Segun-Williams"
"Abou Moez El Fazaa","Abou Moez El Fazaa"
"A Smith Named Pete","A Smith Named Pete"
"A. Ben Astar","A. Ben Astar"
"A.H.L. Holdijk","A.H.L. Holdijk"
"Aaron Ruell","Aaron Ruell"
"Aaron Shirley","Aaron Shirley"
"Aaron With","Aaron With"
"Abdolhamid Darchi-Pouran","Abdolhamid Darchi-Pouran"
"Abdoulaye Diop Danny","Abdoulaye Diop Danny"
"Abigaile","Abigaile"
"A. Davidovsky","A. Davidovsky"
"A.J. Cotton","A.J. Cotton"
"A.V.S. Subramanyam","A.V.S. Subramanyam"
"Aaron Buerge","Aaron Buerge"
"Aarti Agrawal","Aarti Agrawal"
"Abby Elliott","Abby Elliott"
"Abdallah Abbassi","Abdallah Abbassi"
"Abderrahmane Sissako","Abderrahmane Sissako"
"Abigail Hargrove","Abigail Hargrove"
"Abigail Tarttelin","Abigail Tarttelin"
"Abisola Agbaje","Abisola Agbaje"
"A. Harding Steerman","A. Harding Steerman"
"A.J. Green","A.J. Green"
"Aaliyah Paul","Aaliyah Paul"
"Abderrahim Mahlaoui","Abderrahim Mahlaoui"
"Abhishek Bharate","Abhishek Bharate"
